Handle,Title,Body (HTML),Vendor,Type,Tags,Published,Option1 Name,Option1 Value,Variant SKU,Variant Grams,Variant Inventory Tracker,Variant Inventory Qty,Variant Inventory Policy,Variant Fulfillment Service,Variant Price,Variant Requires Shipping,Variant Taxable,Variant Weight Unit,SEO Title,SEO Description,Status
pulso-match-balls,PULSO Match Balls (Tube of 3),"<p><strong>Consistent bounce, match after match.</strong></p><p>Pressurised padel balls built for a true, lively bounce and a durable felt that holds up rally after rally. When the bounce fades, your game does too — keep a fresh tube in the bag.</p><ul><li>Tube of 3 pressurised padel balls</li><li>Optimised bounce &amp; durable felt</li><li>Suits all levels — indoor &amp; outdoor play</li><li>Tip: replace every few sessions for best bounce</li></ul>",PULSO,Balls,"Balls,Consumables,Beginner,Improver,Advanced",FALSE,Title,Default Title,PULSO-MATCH-BALLS,150,,0,continue,manual,11.99,TRUE,TRUE,g,PULSO Match Balls — Tube of 3 Padel Balls,"Pressurised padel balls with a true, consistent bounce. Tube of 3. Fast EU delivery.",draft
pulso-overgrips,PULSO Pro Overgrips,"<p><strong>Tacky, sweat-wicking grip that lasts.</strong></p><p>A soft, tacky overgrip that locks in your hold and wicks away sweat so the racket never slips mid-point. Quick to wrap, comfortable for hours — replace as soon as the tack fades.</p><ul><li>High-tack, sweat-wicking overgrip</li><li>Comfortable cushioned feel</li><li>Easy to apply over your existing grip</li><li>Stock up — grips wear every few sessions</li></ul>",PULSO,Grips & Tape,"Grips,Consumables,Beginner,Improver,Advanced",FALSE,Pack,3-pack,PULSO-OG-3,60,,0,continue,manual,8.99,TRUE,TRUE,g,PULSO Pro Overgrips — Tacky Padel Overgrip Multipack,"Tacky, sweat-wicking padel overgrips. 3-pack or 12-pack. Better hold, fewer slips.",draft
pulso-overgrips,,,,,,,Pack,12-pack,PULSO-OG-12,200,,0,continue,manual,24.99,TRUE,TRUE,g,,,
pulso-edge-tape,PULSO Edge Protection Tape,"<p><strong>Protect your racket frame from court rash.</strong></p><p>Adhesive head-protection tape that guards your racket&#x27;s top edge from scrapes against the court and walls — cheap insurance for an expensive racket.</p><ul><li>Protects racket head from scuffs &amp; impact</li><li>Strong adhesive, clean application</li><li>Trim to fit any racket shape</li></ul>",PULSO,Grips & Tape,"Grips,Consumables,Accessories",FALSE,Title,Default Title,PULSO-EDGE-TAPE,40,,0,continue,manual,6.99,TRUE,TRUE,g,PULSO Edge Protection Tape for Padel Rackets,Protect your padel racket frame from court rash with PULSO edge tape.,draft
pulso-dampeners,PULSO Vibration Dampeners (2-Pack),"<p><strong>Take the sting out of every hit.</strong></p><p>Reduce string vibration for a cleaner, more comfortable feel on contact. A tiny upgrade you&#x27;ll notice on every shot. Two per pack.</p><ul><li>Cuts vibration for a smoother feel</li><li>Easy to fit</li><li>2 dampeners per pack</li></ul>",PULSO,Accessories,"Accessories,Beginner,Improver,Advanced",FALSE,Title,Default Title,PULSO-DAMPENERS,20,,0,continue,manual,7.99,TRUE,TRUE,g,PULSO Padel Vibration Dampeners — 2 Pack,"Reduce vibration for a cleaner feel. PULSO dampeners, 2-pack.",draft
pulso-wristbands,PULSO Wristbands (Pair),"<p><strong>Stay dry, keep your grip.</strong></p><p>Soft, absorbent wristbands that keep sweat off your hands so your grip stays reliable through long matches. Sold as a pair.</p><ul><li>Absorbent, comfortable cotton blend</li><li>Keeps sweat off your hands &amp; grip</li><li>Pair — one for each wrist</li></ul>",PULSO,Accessories,"Accessories,Apparel",FALSE,Title,Default Title,PULSO-WRISTBANDS,60,,0,continue,manual,9.99,TRUE,TRUE,g,PULSO Padel Wristbands — Pair,Absorbent padel wristbands to keep your grip dry. Sold as a pair.,draft
pulso-racket-bag,PULSO Racket Bag,"<p><strong>Everything in its place, on and off court.</strong></p><p>A purpose-built padel bag with room for rackets, balls, shoes and the essentials — organised compartments, comfortable carry, and a clean, modern look.</p><ul><li>Fits multiple rackets + gear</li><li>Dedicated compartments (shoes, balls, valuables)</li><li>Padded, comfortable straps</li><li>Durable, water-resistant material</li></ul>",PULSO,Bags,"Bags,Beginner,Improver,Advanced",FALSE,Title,Default Title,PULSO-RACKET-BAG,700,,0,continue,manual,49.99,TRUE,TRUE,g,PULSO Padel Racket Bag — Organised & Durable,"A modern padel racket bag with room for rackets, shoes and gear. Fast EU delivery.",draft
pulso-backpack,PULSO Padel Backpack,"<p><strong>Court-to-anywhere carry.</strong></p><p>A premium padel backpack that holds your rackets and kit while looking just as good off the court. Smart compartments, comfortable on the commute or the bus to the club.</p><ul><li>Holds rackets + daily essentials</li><li>Ventilated shoe/wet compartment</li><li>Padded laptop-friendly back panel</li><li>Premium, everyday-ready design</li></ul>",PULSO,Bags,"Bags,Improver,Advanced",FALSE,Title,Default Title,PULSO-BACKPACK,900,,0,continue,manual,59.99,TRUE,TRUE,g,PULSO Padel Backpack — Premium Court-to-Anywhere,Premium padel backpack with smart compartments. Court-to-anywhere carry.,draft
pulso-towel,PULSO Microfibre Court Towel,"<p><strong>Quick-dry, court-ready.</strong></p><p>A compact, fast-drying microfibre towel that clips to your bag and handles sweat between games. Light, absorbent, and built for the bench.</p><ul><li>Fast-drying microfibre</li><li>Compact with carry clip</li><li>Soft and highly absorbent</li></ul>",PULSO,Accessories,"Accessories,Apparel",FALSE,Title,Default Title,PULSO-TOWEL,200,,0,continue,manual,14.99,TRUE,TRUE,g,PULSO Microfibre Padel Court Towel,Quick-dry microfibre padel towel with carry clip. Court-ready.,draft
pulso-starter-kit,PULSO Starter Kit,"<p><strong>New to padel? Everything you need, in one kit.</strong></p><p>Skip the guesswork. The Starter Kit pairs a forgiving, easy-to-play racket with balls, an overgrip and a bag — everything you need to step on court ready to play. The simplest way to start.</p><ul><li>Beginner-friendly racket (round / control)</li><li>Tube of PULSO Match Balls</li><li>PULSO Pro Overgrip</li><li>PULSO Racket Bag</li><li>Save vs buying separately</li></ul>",PULSO,Bundles,"Bundles,Beginner,Featured",FALSE,Title,Default Title,PULSO-STARTER-KIT,1500,,0,continue,manual,99.99,TRUE,TRUE,g,PULSO Starter Kit — Everything to Start Padel,"New to padel? The PULSO Starter Kit has the racket, balls, grip and bag — ready to play.",draft
pulso-essentials-pack,PULSO Essentials Pack,"<p><strong>The bag refresh, sorted.</strong></p><p>Balls, fresh overgrips and dampeners in one tidy pack — the quick refresh every player needs. Great as a top-up or a thoughtful gift.</p><ul><li>Tube of Match Balls</li><li>Overgrip 3-pack</li><li>Vibration dampeners</li><li>Better value than buying separately</li></ul>",PULSO,Bundles,"Bundles,Consumables,Beginner,Improver",FALSE,Title,Default Title,PULSO-ESSENTIALS-PACK,300,,0,continue,manual,24.99,TRUE,TRUE,g,"PULSO Essentials Pack — Balls, Grips & Dampeners","The padel bag refresh in one pack: balls, overgrips and dampeners.",draft
pulso-match-ready-bundle,PULSO Match-Ready Bundle,"<p><strong>Stock up for the season.</strong></p><p>Two tubes of balls, fresh grips and a court towel — for the player who&#x27;s on court most weeks. Stock up and stay match-ready.</p><ul><li>2× tubes of Match Balls</li><li>Overgrip 3-pack</li><li>Microfibre court towel</li><li>Built for regular players</li></ul>",PULSO,Bundles,"Bundles,Consumables,Improver,Advanced",FALSE,Title,Default Title,PULSO-MATCH-READY-BUNDLE,500,,0,continue,manual,34.99,TRUE,TRUE,g,"PULSO Match-Ready Bundle — Balls, Grips & Towel","Stock up for the season: 2 tubes of balls, grips and a towel.",draft
pulso-replenish-pack,PULSO Replenish Pack — Subscribe & Save,"<p><strong>Fresh balls &amp; grips, on your schedule.</strong></p><p>Never play with dead balls again. The Replenish Pack sends fresh balls and overgrips on a schedule that suits how often you play — cancel or pause anytime. Set it once, stay sharp.</p><ul><li>Tube of Match Balls + Overgrip 3-pack</li><li>Delivered on your chosen cycle</li><li>Subscribe &amp; Save vs one-off</li><li>Pause or cancel anytime</li><li>Requires a subscription app (e.g. Recharge/Appstle/Shopify Subscriptions)</li></ul>",PULSO,Bundles,"Bundles,Consumables,Subscription,Featured",FALSE,Title,Default Title,PULSO-REPLENISH-PACK,250,,0,continue,manual,18.99,TRUE,TRUE,g,PULSO Replenish Pack — Padel Balls & Grips Subscription,"Fresh padel balls and grips delivered on your schedule. Subscribe & Save, cancel anytime.",draft
pulso-tempo-racket,PULSO Tempo Racket,"<p><strong>Forgiving control for a confident start.</strong></p><p>A round-shape racket with a balanced, forgiving sweet spot — the easy-to-play choice for beginners and improvers who want control and comfort while their game develops.</p><ul><li>Round shape — large, forgiving sweet spot</li><li>Balanced weight for control &amp; comfort</li><li>Soft EVA core</li><li>Ideal for beginners → improvers</li></ul>",PULSO,Rackets,"Rackets,Beginner,Improver",FALSE,Title,Default Title,PULSO-TEMPO-RACKET,365,,0,continue,manual,89.99,TRUE,TRUE,g,PULSO Tempo — Control Padel Racket for Beginners,"Forgiving, easy-to-play round padel racket. Control and comfort for beginners and improvers.",draft
pulso-pulse-racket,PULSO Pulse Racket,"<p><strong>The all-round racket that grows with you.</strong></p><p>A teardrop-shape racket balancing control and power for the improving player who wants more from their game. A versatile sweet spot and a crisp, responsive feel — your step up.</p><ul><li>Teardrop shape — balanced control &amp; power</li><li>Responsive feel for developing players</li><li>Durable EVA core construction</li><li>Ideal for improvers → advanced</li></ul>",PULSO,Rackets,"Rackets,Improver,Advanced,Featured",FALSE,Title,Default Title,PULSO-PULSE-RACKET,360,,0,continue,manual,109.99,TRUE,TRUE,g,PULSO Pulse — All-Round Padel Racket for Improvers,Teardrop padel racket balancing control and power. The all-round step-up for improvers.,draft
pulso-tee,PULSO Tee,"<p><strong>Wear the rally.</strong></p><p>A clean, comfortable cotton tee for padel players on and off the court. Soft, breathable, and quietly branded — community, not billboard.</p><ul><li>Soft, breathable cotton</li><li>Relaxed everyday fit</li><li>Subtle PULSO branding</li></ul>",PULSO,Apparel,"Apparel,Community",FALSE,Size,S,PULSO-TEE-S,180,,0,continue,manual,27.99,TRUE,TRUE,g,PULSO Tee — Padel Community T-Shirt,"Clean, comfortable padel tee. Wear the rally.",draft
pulso-tee,,,,,,,Size,M,PULSO-TEE-M,180,,0,continue,manual,27.99,TRUE,TRUE,g,,,
pulso-tee,,,,,,,Size,L,PULSO-TEE-L,180,,0,continue,manual,27.99,TRUE,TRUE,g,,,
pulso-tee,,,,,,,Size,XL,PULSO-TEE-XL,180,,0,continue,manual,27.99,TRUE,TRUE,g,,,
pulso-cap,PULSO Cap,"<p><strong>Sun off, focus on.</strong></p><p>A lightweight, adjustable cap to keep the sun out of your eyes on outdoor courts. Breathable and low-profile.</p><ul><li>Lightweight &amp; breathable</li><li>Adjustable strap — one size</li><li>Subtle PULSO branding</li></ul>",PULSO,Apparel,"Apparel,Community",FALSE,Title,Default Title,PULSO-CAP,90,,0,continue,manual,21.99,TRUE,TRUE,g,PULSO Cap — Padel Cap,"Lightweight, adjustable padel cap. Sun off, focus on.",draft
pulso-hoodie,PULSO Hoodie,"<p><strong>Warm-ups and post-match.</strong></p><p>A soft, heavyweight hoodie for warm-ups, the bench and the bar afterwards. Comfortable, durable, and understated.</p><ul><li>Soft, heavyweight fleece</li><li>Relaxed fit</li><li>Subtle PULSO branding</li></ul>",PULSO,Apparel,"Apparel,Community",FALSE,Size,S,PULSO-HOOD-S,600,,0,continue,manual,49.99,TRUE,TRUE,g,PULSO Hoodie — Padel Hoodie,"Soft, heavyweight padel hoodie for warm-ups and post-match.",draft
pulso-hoodie,,,,,,,Size,M,PULSO-HOOD-M,600,,0,continue,manual,49.99,TRUE,TRUE,g,,,
pulso-hoodie,,,,,,,Size,L,PULSO-HOOD-L,600,,0,continue,manual,49.99,TRUE,TRUE,g,,,
pulso-hoodie,,,,,,,Size,XL,PULSO-HOOD-XL,600,,0,continue,manual,49.99,TRUE,TRUE,g,,,
